﻿Designator,Footprint,Quantity,Value,LCSC Part #
"C1, C2, C5",0805,3,1uF,C94122
C3,0805,1,100nF,C519980
C4,0805,1,10uF,C326595
D1,1206,1,APTD3216QBC/D,C5878901
D2,LED_XZMDKVG55W-8,1,XZMDKVG55W-8,C6759142
D3,SMFSeries_LTF,1,SMF13A,C315998
"D4, D5, D6",CR_041-1JY_STM,3,ESDA041-1JY,C2970627
F1,0ZCG0075FF2C,1,0ZCG0075FF2C,C3760681
MOSFET1,SOT-23F_TOS,1,SSM3J338R_LF,C146352
Q1,SOT-23_Handsoldering,1,2N7002K-AU_R1_000A2,C5356094
R1,0805,1,62 Ohm,C17784
R2,0805,1,100 Ohm,C17408
R3,0805,1,0.5 Ohm,C859814
R4,0805,1,665 Ohm,C17798
R5,0805,1,2M,C26112
R6,0805,1,1M,C17514
"R7, R8",0805,2,10k,C17414
SW1,1825027-2,1,SW_Push,C3760681
SW2,PTS526SK15SMTR2 LFS-M,1,PTS526 SM15 SMTR2 LFS,C2689538
U1,SOIC-14_3.9x8.7mm_P1.27mm,1,ATtiny804-SS,C2053283
U4,SOT-23_Handsoldering_ZXCT1009F,1,ZXCT1009F,C83670
U5,SOT-89-3,1,AP7370-33Y-13,C5329418
U6,SOT-23-6,1,MP6513GJ,C114138
