﻿Designator,Footprint,Quantity,Value,LCSC Part #
"C1, C2, C5",0805,3,1uF,CL21B105KOFNNNE
C3,0805,1,100nF,CC0805KRX7R7BB104
C4,0805,1,10uF,CL21A106KOQNNNG
D1,1206,1,APTD3216QBC/D,APTD3216QBC/D
D2,LED_XZMDKVG55W-8,1,XZMDKVG55W-8,XZMDKVG55W-8
D3,SMFSeries_LTF,1,SMF13A,SMF13A
"D4, D5, D6",CR_041-1JY_STM,3,ESDA041-1JY,ESDA041-1JY
F1,0ZCG0075FF2C,1,0ZCG0075FF2C,0ZCG0075FF2C
J1,PinHeader_1x04_P2.54mm_Horizontal_spezial,1,0022232041,0022286040
"J2, J3, J4, J5, J6, J7, J8, J9",PROBE_PAD_1206,8,Conn_01x01_Male,
MOSFET1,SOT-23F_TOS,1,SSM3J338R_LF,"SSM3J338R,LF"
Q1,SOT-23_Handsoldering,1,2N7002K-AU_R1_000A2,2N7002K-AU_R1_000A2
R1,0805,1,62 Ohm,RMCF0805FT62R0
R2,0805,1,100 Ohm,RMCF0805FT100R
R3,0805,1,0.5 Ohm,RL1220S-R50-F
R4,0805,1,665 Ohm,CRGCQ0805F680R
R5,0805,1,2M,RMCF0805FT2M00
R6,0805,1,1M,RMCF0805FG1M00
"R7, R8",0805,2,10k,ERJ-6GEYJ103V
SW1,1825027-2,1,SW_Push,1825027-2
SW2,PTS526SK15SMTR2 LFS-M,1,PTS526 SM15 SMTR2 LFS,PTS526SM15SMTR2 LFS
U1,SOIC-14_3.9x8.7mm_P1.27mm,1,ATtiny804-SS,ATTINY804-SSNR
U4,SOT-23_Handsoldering_ZXCT1009F,1,ZXCT1009F,ZXCT1009FTA
U5,SOT-89-3,1,AP7370-33Y-13,AP7370-33Y-13
U6,SOT-23-6,1,MP6513GJ,MP6513GJ-Z
